{
    
    "G4": {
        "recession": {
            "mean": 1.41e-06,
            "std-dev": 0.26e-06
        },
        "density": {
            "mean": 0.385e-06,
            "std-dev": 0.52e-07
        },
        "Pd": {
            "mean": 231,
            "std-dev": 2.31
        },
        "Tw": {
            "mean": 2225,
            "std-dev": 11.12
        },
        "NDPs": [0.2523758248,
            0.341488378,
            0.9435354942,
            0.3060923385,
            0.3932054659
        ]
    },

    "G5": {
        "recession": {
            "mean": 1.64e-06,
            "std-dev": 0.275e-06
        },
        "density": {
            "mean": 0.8e-06,
            "std-dev": 1.0e-07
        },
        "Pd": {
            "mean": 268,
            "std-dev": 2.68
        },
        "Tw": {
            "mean": 2410,
            "std-dev": 12.05
        },
        "NDPs": [0.1716519105,
            0.5169989517,
            1.4342982802,
            0.3000427364,
            0.358134725
        ]
    },

    "G6": {
        "recession": {
            "mean": 2.6e-06,
            "std-dev": 0.27e-06
        },
        "density": {
            "mean": 1.85e-06,
            "std-dev": 2.5e-07
        },
        "Pd": {
            "mean": 312,
            "std-dev": 3.12
        },
        "Tw": {
            "mean": 2535,
            "std-dev": 12.67
        },
        "NDPs": [0.2100210623,
            0.5518501857,
            1.7049875168,
            0.4050744147,
            0.4494810925
        ]
    },

    "G7": {
        "recession": {
            "mean": 2.51e-06,
            "std-dev": 0.25e-06
        },
        "density": {
            "mean": 1.05e-06,
            "std-dev": 1.62e-07
        },
        "Pd": {
            "mean": 330,
            "std-dev": 3.3
        },
        "Tw": {
            "mean": 2575,
            "std-dev": 12.87
        },
        "NDPs": [0.2026077664,
            0.6022456588,
            1.9529929663,
            0.4119821961,
            0.4487020469
        ]
    }
}