{
    
    "G4": {
        "recession": {
            "mean": 0.31638988419819336,
            "std-dev": -0.08918588236575778
        },
        "density": {
            "mean": 0.31638988419819336,
            "std-dev": -0.08918588236575778
        },
        "Pd": {
            "mean": 0.31638988419819336,
            "std-dev": -0.08918588236575778
        },
        "Tw": {
            "mean": 0.31638988419819336,
            "std-dev": -0.08918588236575778
        },
        "NDPs": [0.31638988419819336,
            0.31638988419819336,
            0.31638988419819336,
            0.31638988419819336,
            0.31638988419819336
        ]
    },

    "G5": {
        "recession": {
            "mean": 1.64e-06,
            "std-dev": 0.275e-06
        },
        "density": {
            "mean": 0.8e-06,
            "std-dev": 1.0e-07
        },
        "Pd": {
            "mean": 268,
            "std-dev": 2.68
        },
        "Tw": {
            "mean": 2410,
            "std-dev": 12.05
        },
        "NDPs": [0.31638988419819336,
            0.31638988419819336,
            0.31638988419819336,
            0.3000427364,
            0.31638988419819336
        ]
    },

    "G6": {
        "recession": {
            "mean": 0.31638988419819336,
            "std-dev": -0.08918588236575778
        },
        "density": {
            "mean": 0.31638988419819336,
            "std-dev": -0.08918588236575778
        }
    },

    "G7": {
        "recession": {
            "mean": 0.31638988419819336,
            "std-dev": -0.08918588236575778
        },
        "density": {
            "mean": 0.31638988419819336,
            "std-dev": -0.08918588236575778
        }
    }
}